,Name,weight
0,Avalanche,0.007187297992695572
1,Bitcoin,0.654181521973718
2,Bitcoin Cash,0.003536512165068339
3,Dai,0.0011288298903757118
4,Ethereum,0.15533938236456094
5,Ethereum Classic,0.009978083781185703
6,Immutable,0.0010737883339450205
7,Shiba Inu,0.005501547693386971
8,XRP,0.1620730358050638
