,Name,weight
0,Avalanche,0.007489318330877081
1,Bitcoin,0.676098009027173
2,Bitcoin Cash,0.0036851213644031717
3,Dai,0.0011762649049788295
4,Ethereum,0.16186696099596654
5,Ethereum Classic,0.0159705145074811
6,Immutable,0.001118910425179318
7,Shiba Inu,0.0057327304405844215
8,XRP,0.12686217000335664
