,Avalanche,Bitcoin,Bitcoin Cash,Dai,Ethereum,Ethereum Classic,Immutable,XRP,Shiba Inu
Avalanche,0.0043468543512898365,0.0005447139191192348,0.0007830723176647673,-2.7933847177662473e-05,0.00038298166248838784,0.0011335773849073352,0.00026165655853021733,0.0027655678587462855,0.0009243554928628232
Bitcoin,0.0005447139191192348,0.0008485892528185797,0.0006354996563053465,-1.1217084704675084e-05,0.000576315091107794,0.0005607656292738594,0.00031858184830447177,-0.000268784976724132,0.0009960345264530405
Bitcoin Cash,0.0007830723176647673,0.0006354996563053465,0.0019476905874108853,-9.891632183553535e-05,0.0010892358376226306,0.0016425883249380966,0.00137116781000533,-0.0010625082824616966,0.0015348490378955745
Dai,-2.7933847177662473e-05,-1.1217084704675084e-05,-9.891632183553535e-05,4.004120198184182e-05,-0.00010336944285133947,-0.00016533442732263566,-7.048119539338514e-06,-3.4318796168431454e-05,-2.3806937783931912e-05
Ethereum,0.00038298166248838784,0.000576315091107794,0.0010892358376226306,-0.00010336944285133947,0.0013552400418917472,0.0015163964276601436,0.0003785585887983812,-0.0003041101279234563,0.0008213754297098504
Ethereum Classic,0.0011335773849073352,0.0005607656292738594,0.0016425883249380966,-0.00016533442732263566,0.0015163964276601436,0.0024237928628581522,0.0007753219400441054,-0.00022315417341954764,0.001596940913712692
Immutable,0.00026165655853021733,0.00031858184830447177,0.00137116781000533,-7.048119539338514e-06,0.0003785585887983812,0.0007753219400441054,0.001969440579780953,-0.0016434306443335398,0.00011410497185532544
XRP,0.0027655678587462855,-0.000268784976724132,-0.0010625082824616966,-3.4318796168431454e-05,-0.0003041101279234563,-0.00022315417341954764,-0.0016434306443335398,0.005550898924533517,0.0009041225803278839
Shiba Inu,0.0009243554928628232,0.0009960345264530405,0.0015348490378955745,-2.3806937783931912e-05,0.0008213754297098504,0.001596940913712692,0.00011410497185532544,0.0009041225803278839,0.005566490089220819
